{
  "id": "",
  "name": "",
  "font_family": "iconfont",
  "css_prefix_text": "icon-",
  "description": "",
  "glyphs": [
    {
      "icon_id": "372210",
      "name": "cc-menu-circle",
      "font_class": "cc-menu-circle",
      "unicode": "e672",
      "unicode_decimal": 58994
    },
    {
      "icon_id": "431893",
      "name": "news",
      "font_class": "news",
      "unicode": "e772",
      "unicode_decimal": 59250
    },
    {
      "icon_id": "902008",
      "name": "back",
      "font_class": "back",
      "unicode": "e61c",
      "unicode_decimal": 58908
    },
    {
      "icon_id": "1601118",
      "name": "superhero-3",
      "font_class": "superhero-",
      "unicode": "e646",
      "unicode_decimal": 58950
    },
    {
      "icon_id": "4380416",
      "name": "menu",
      "font_class": "menu",
      "unicode": "e619",
      "unicode_decimal": 58905
    }
  ]
}
